,discount rate 0,discount rate 1,discount rate 2,A.0_ID flood wave shape,A.1_Bmax,A.1_pfail,A.1_Brate,A.2_Bmax,A.2_pfail,A.2_Brate,A.3_Bmax,A.3_pfail,A.3_Brate,A.4_Bmax,A.4_pfail,A.4_Brate,A.5_Bmax,A.5_pfail,A.5_Brate
1,2.5,2.5,3.5,34.0,232.56789070358673,0.7779112220634293,10.0,160.77502713512223,0.7679028936270704,1.5,146.94610509413937,0.03929975410109877,10.0,97.63211445592243,0.6180617372315954,1.0,211.54858138204727,0.2291847835270192,1.5
161,2.5,1.5,1.5,24.0,210.837332337471,0.12338723294059567,10.0,183.03668853231403,0.07378790919099233,1.5,138.90276669527282,0.04556433583350048,1.5,180.8170079028244,0.6595289098356109,1.0,212.7990361039125,0.8522874495026292,10.0
236,1.5,1.5,1.5,33.0,133.48053435913866,0.7510030857649633,1.0,228.85480780454415,0.461140255293729,10.0,50.78268294668575,0.033238949740091984,1.0,247.35306508794886,0.510306574548104,1.5,222.79869622012683,0.9107857457511801,1.0
853,4.5,4.5,3.5,75.0,160.02670736561282,0.3948806410290039,1.5,70.50616791972016,0.03704534369103996,1.0,284.83171602123923,0.0038020135108727602,10.0,223.1764298548397,0.9299987522121724,1.5,289.4478818508682,0.3993819532902357,1.0
